dataset,overlap_level,method,metric,n,mean,std,standard_error,ci95_low,ci95_high
amazon_employee,high,APM,U_SC,27,559.5212077450474,226.38447086699708,43.56771173180392,474.1284927507117,644.913922739383
amazon_employee,high,APM,U_TSP,27,11.418800166031373,4.620091247164127,0.8891369750769474,9.676091694880556,13.16150863718219
amazon_employee,high,APM,U_DP,27,6.8922887199666105,4.237843778036682,0.815573415344353,5.293764825891679,8.490812614041543
amazon_employee,high,APM,delivery_time,27,0.9186479464739847,0.05471418532773623,0.010529749875819863,0.8980096367173778,0.9392862562305917
amazon_employee,high,APM,pS,27,13.371307595473684,20.150219668043334,3.877911583191637,5.770600892418076,20.97201429852929
amazon_employee,high,APM,avg_pT,27,0.0038247019075887483,0.00240617618638212,0.00046306882297512806,0.002917087014557497,0.004732316800619999
amazon_employee,high,APM,avg_psr,27,0.43138820943157924,0.06190085628987243,0.011912825347342062,0.4080390717507888,0.4547373471123697
amazon_employee,high,APM,avg_risk_value,27,0.003459532598225112,0.0021224952590626813,0.0004084744030578478,0.0026589227682317306,0.004260142428218494
amazon_employee,high,APM,quality_q,27,8.13520535260153,5.471418532773624,1.0529749875819863,6.071374376940836,10.199036328262222
amazon_employee,high,APM,social_welfare,27,577.8322966310453,228.14568209526152,43.90665699071667,491.77524892924066,663.88934433285
amazon_employee,high,APM,quality_adjusted_welfare,27,5818.847207692159,5127.112056468281,986.7131753224459,3884.889384060165,7752.805031324153
amazon_employee,high,APM,welfare_per_time,27,644.7768051431493,284.1723660023294,54.688997335899245,537.5863703647868,751.9672399215118
amazon_employee,high,APM,quality_per_time,27,9.24693024991859,6.84874562548964,1.3180417101625717,6.663568497999949,11.830292001837229
amazon_employee,high,APM,runtime,30,0.0007829507191975912,0.00014647381980894883,2.6742338397769437e-05,0.0007305357359379631,0.0008353657024572193
amazon_employee,high,BGM,U_SC,26,560.2032227397353,159.01331012406322,31.185075817060753,499.08047413829627,621.3259713411744
amazon_employee,high,BGM,U_TSP,26,11.432718838510954,3.2451695977907833,0.6364301193866636,10.185315804513094,12.680121872508815
amazon_employee,high,BGM,U_DP,26,5.627959394980926,3.607221469561272,0.7074343331978373,4.241388101913165,7.014530688048687
amazon_employee,high,BGM,delivery_time,26,0.9276455225429264,0.03595277375143989,0.007050919035629942,0.9138257212330917,0.9414653238527612
amazon_employee,high,BGM,pS,26,8.288449131287878,7.999882542673915,1.568906045828637,5.21339328146375,11.363504981112007
amazon_employee,high,BGM,avg_pT,26,0.003882692672831379,0.002602963407535287,0.0005104831233919384,0.0028821457509831793,0.004883239594679578
amazon_employee,high,BGM,avg_psr,26,0.44218151971283126,0.044351685881034365,0.008698081221851225,0.42513328051800287,0.45922975890765966
amazon_employee,high,BGM,avg_risk_value,26,0.003517474621863079,0.0022545134184757953,0.00044214645824864837,0.002650867563695728,0.004384081680030429
amazon_employee,high,BGM,quality_q,26,7.23544774570736,3.595277375143989,0.7050919035629941,5.8534676147238915,8.617427876690828
amazon_employee,high,BGM,social_welfare,26,577.2639009732272,160.46524711171813,31.46982408754381,515.5830457616414,638.9447561848131
amazon_employee,high,BGM,quality_adjusted_welfare,26,4716.745319895465,3105.5754597485766,609.0534565458798,3523.000545065541,5910.49009472539
amazon_employee,high,BGM,welfare_per_time,26,629.4328617429678,194.55528112734703,38.15542980541818,554.6482193243482,704.2175041615874
amazon_employee,high,BGM,quality_per_time,26,7.955869681571891,4.190864139098895,0.8218960778492883,6.344953368987286,9.566785994156497
amazon_employee,high,BGM,runtime,30,0.0008770068486531576,0.00010474627525162183,1.9123965923319465e-05,0.0008395238754434515,0.0009144898218628637
amazon_employee,high,Our Model,U_SC,30,656.5586120025038,67.32197776683157,12.291255279584972,632.4677516545172,680.6494723504903
amazon_employee,high,Our Model,U_TSP,30,39.536847621042504,22.539874403005825,4.115199217953193,31.471057153854247,47.60263808823076
amazon_employee,high,Our Model,U_DP,30,77.56304555247267,44.155748922015974,8.061699909374191,61.76211373009926,93.36397737484609
amazon_employee,high,Our Model,delivery_time,30,0.8701978257626207,0.03306783960081476,0.006037333892442957,0.8583646513334325,0.8820310001918089
amazon_employee,high,Our Model,pS,30,9.894703786388403,4.047283359399961,0.7389294641862156,8.44640203658342,11.343005536193386
amazon_employee,high,Our Model,avg_pT,30,0.011516414607733524,0.006506876943856118,0.001187987760353424,0.009187958597440813,0.013844870618026235
amazon_employee,high,Our Model,avg_psr,30,0.49193612102160633,0.046339054806772896,0.00846031520371257,0.4753539032223297,0.5085183388208829
amazon_employee,high,Our Model,avg_risk_value,30,0.003915124184335007,0.002357181123110241,0.0004303604244176137,0.0030716177524764843,0.00475863061619353
amazon_employee,high,Our Model,quality_q,30,12.98021742373794,3.306783960081476,0.6037333892442956,11.796899980819122,14.163534866656759
amazon_employee,high,Our Model,social_welfare,30,773.6585051760192,70.22153886620197,12.820640286581522,748.5300502143194,798.7869601377189
amazon_employee,high,Our Model,quality_adjusted_welfare,30,10261.469413792334,3560.234085906011,650.0068396165025,8987.456008143989,11535.48281944068
amazon_employee,high,Our Model,welfare_per_time,30,893.3116483790378,116.3242749671185,21.237809794974773,851.6855411808873,934.9377555771883
amazon_employee,high,Our Model,quality_per_time,30,15.082721715698705,4.53903208023377,0.8287100865278783,13.458449946104064,16.706993485293346
amazon_employee,high,Our Model,runtime,30,0.0004939556121826172,7.890067421207343e-05,1.4405226356106254e-05,0.000465721368524649,0.0005221898558405855
amazon_employee,high,SRC,U_SC,30,593.4561563580495,120.18114774986599,21.94197520315428,550.4498849598671,636.4624277562319
amazon_employee,high,SRC,U_TSP,30,12.111350137445351,2.452676487490624,0.4477954128203841,11.233671128317399,12.989029146573303
amazon_employee,high,SRC,U_DP,30,6.080718657430816,3.6798857315475884,0.671852141403338,4.763888460280273,7.397548854581358
amazon_employee,high,SRC,delivery_time,30,0.9215057100153576,0.0293136337045474,0.00535191280747478,0.9110159609127071,0.9319954591180082
amazon_employee,high,SRC,pS,30,6.6097868560817385,4.6728756427691645,0.8531464659870412,4.937619782747138,8.28195392941634
amazon_employee,high,SRC,avg_pT,30,0.004248849644003136,0.002651998618147032,0.00048418648854388623,0.003299844126457119,0.005197855161549153
amazon_employee,high,SRC,avg_psr,30,0.44749331784824947,0.039226603871091746,0.007161765264838807,0.4334562579291654,0.4615303777673335
amazon_employee,high,SRC,avg_risk_value,30,0.0038004491608942615,0.0022999285822172433,0.0004199075883770864,0.0029774302876751724,0.0046234680341133505
amazon_employee,high,SRC,quality_q,30,7.849428998464222,2.9313633704547404,0.535191280747478,6.8004540881991655,8.898403908729279
amazon_employee,high,SRC,social_welfare,30,611.6482251529256,121.08296566180091,22.10662387419727,568.319242359499,654.9772079463523
amazon_employee,high,SRC,quality_adjusted_welfare,30,5136.341677033279,2597.035799602433,474.15169669690624,4207.004351507343,6065.6790025592145
amazon_employee,high,SRC,welfare_per_time,30,668.3031440173665,149.96455854861148,27.379657181126234,614.6390159423592,721.967272092374
amazon_employee,high,SRC,quality_per_time,30,8.623804448800495,3.4414657133726263,0.6283228006982653,7.392291759431895,9.855317138169095
amazon_employee,high,SRC,runtime,30,0.0012938340504964193,6.573697686452652e-05,1.20018750302988e-05,0.0012703103754370336,0.001317357725555805
amazon_employee,low,APM,U_SC,30,1095.338000392584,15.195545026452411,2.774314261524474,1089.9003444399962,1100.775656345172
amazon_employee,low,APM,U_TSP,30,22.353836782433685,0.31011316589082333,0.05661865877924853,22.242864211226358,22.464809353641012
amazon_employee,low,APM,U_DP,30,0.0004729751657433627,0.0001361599293436031,2.4859288243267003e-05,0.0004242509607865594,0.000521699370700166
amazon_employee,low,APM,delivery_time,30,0.5944444987589399,0.021301506663392356,0.0038891052361288664,0.5868218524961273,0.6020671450217525
amazon_employee,low,APM,pS,30,0.5530923203752971,0.02176176197888301,0.003973135975630829,0.5453049738630606,0.5608796668875335
amazon_employee,low,APM,avg_pT,30,3.004045056733909e-08,9.577591840869712e-09,1.7486210326072569e-09,2.6613153343428867e-08,3.346774779124931e-08
amazon_employee,low,APM,avg_psr,30,0.8292184565679233,0.034217567200836865,0.006247244472949085,0.8169738574009431,0.8414630557349034
amazon_employee,low,APM,avg_risk_value,30,0.0,0.0,0.0,0.0,0.0
amazon_employee,low,APM,quality_q,30,40.555550124106006,2.1301506663392367,0.3889105236128868,39.79328549782475,41.317814750387264
amazon_employee,low,APM,social_welfare,30,1117.6923101501832,15.505552120637518,2.830913554348411,1112.1437195836602,1123.2409007167062
amazon_employee,low,APM,quality_adjusted_welfare,30,45360.53930410257,3001.009347837371,547.9068383647985,44286.64190090756,46434.43670729757
amazon_employee,low,APM,welfare_per_time,30,1883.450242267038,93.01912148159,16.982890371593406,1850.163777138715,1916.736707395361
amazon_employee,low,APM,quality_per_time,30,68.43209959517473,6.00464200258364,1.0962926248526845,66.28336605046347,70.580833139886
amazon_employee,low,APM,runtime,30,0.001106572151184082,5.9745298697561414e-05,1.0907949267179469e-05,0.0010851925706204103,0.0011279517317477538
amazon_employee,low,BGM,U_SC,30,1095.3383712051138,15.19546186619826,2.7742990786087782,1089.9007450110407,1100.775997399187
amazon_employee,low,BGM,U_TSP,30,22.35384435003633,0.31011146874277906,0.05661834892382611,22.24287238614563,22.464816313927027
amazon_employee,low,BGM,U_DP,30,0.0,0.0,0.0,0.0,0.0
amazon_employee,low,BGM,delivery_time,30,0.5944444987589399,0.021301506663392356,0.0038891052361288664,0.5868218524961273,0.6020671450217525
amazon_employee,low,BGM,pS,30,0.5530830463862852,0.02175919196546235,0.003972666757522967,0.5452966195415402,0.5608694732310303
amazon_employee,low,BGM,avg_pT,30,0.0,0.0,0.0,0.0,0.0
amazon_employee,low,BGM,avg_psr,30,0.8292184565679233,0.034217567200836865,0.006247244472949085,0.8169738574009431,0.8414630557349034
amazon_employee,low,BGM,avg_risk_value,30,0.0,0.0,0.0,0.0,0.0
amazon_employee,low,BGM,quality_q,30,40.555550124106006,2.1301506663392367,0.3889105236128868,39.79328549782475,41.317814750387264
amazon_employee,low,BGM,social_welfare,30,1117.69221555515,15.505573334941044,2.8309174275326052,1112.143617397186,1123.2408137131138
amazon_employee,low,BGM,quality_adjusted_welfare,30,45360.53551154657,3001.0100031014726,547.9069579991084,44286.63787386832,46434.433149224824
amazon_employee,low,BGM,welfare_per_time,30,1883.4500841751085,93.019151585171,16.982895867730196,1850.1636082743573,1916.7365600758596
amazon_employee,low,BGM,quality_per_time,30,68.43209959517473,6.00464200258364,1.0962926248526845,66.28336605046347,70.580833139886
amazon_employee,low,BGM,runtime,30,0.001110410690307617,1.5859900400646825e-05,2.8956084030731624e-06,0.0011047352978375937,0.0011160860827776405
amazon_employee,low,Our Model,U_SC,30,1117.6922022906351,15.505571652930657,2.8309171204409282,1112.143604734571,1123.2407998466992
amazon_employee,low,Our Model,U_TSP,30,1.3264515266210818e-05,9.953469693954052e-06,1.8172466256075587e-06,9.702711880020003e-06,1.6826318652401633e-05
amazon_employee,low,Our Model,U_DP,30,0.0,0.0,0.0,0.0,0.0
amazon_employee,low,Our Model,delivery_time,30,0.5944444987589399,0.021301506663392356,0.0038891052361288664,0.5868218524961273,0.6020671450217525
amazon_employee,low,Our Model,pS,30,0.0007915102706938589,4.227814181773493e-05,7.718897320991961e-06,0.0007763812319447147,0.0008066393094430031
amazon_employee,low,Our Model,avg_pT,30,0.0,0.0,0.0,0.0,0.0
amazon_employee,low,Our Model,avg_psr,30,0.8292184565679233,0.034217567200836865,0.006247244472949085,0.8169738574009431,0.8414630557349034
amazon_employee,low,Our Model,avg_risk_value,30,0.0,0.0,0.0,0.0,0.0
amazon_employee,low,Our Model,quality_q,30,40.555550124106006,2.1301506663392367,0.3889105236128868,39.79328549782475,41.317814750387264
amazon_employee,low,Our Model,social_welfare,30,1117.69221555515,15.505573334941039,2.8309174275326043,1112.143617397186,1123.2408137131138
amazon_employee,low,Our Model,quality_adjusted_welfare,30,45360.53551154656,3001.0100031014713,547.9069579991082,44286.637873868305,46434.43314922481
amazon_employee,low,Our Model,welfare_per_time,30,1883.4500841751078,93.01915158517099,16.982895867730193,1850.1636082743566,1916.736560075859
amazon_employee,low,Our Model,quality_per_time,30,68.43209959517473,6.00464200258364,1.0962926248526845,66.28336605046347,70.580833139886
amazon_employee,low,Our Model,runtime,30,0.0002614498138427734,2.1266137227951356e-05,3.88264769024978e-06,0.00025383982436988383,0.000269059803315663
amazon_employee,low,SRC,U_SC,30,1095.3383712051138,15.19546186619826,2.7742990786087782,1089.9007450110407,1100.775997399187
amazon_employee,low,SRC,U_TSP,30,22.35384435003633,0.31011146874277906,0.05661834892382611,22.24287238614563,22.464816313927027
amazon_employee,low,SRC,U_DP,30,0.0,0.0,0.0,0.0,0.0
amazon_employee,low,SRC,delivery_time,30,0.5944444987589399,0.021301506663392356,0.0038891052361288664,0.5868218524961273,0.6020671450217525
amazon_employee,low,SRC,pS,30,0.5530830463862852,0.02175919196546235,0.003972666757522967,0.5452966195415402,0.5608694732310303
amazon_employee,low,SRC,avg_pT,30,0.0,0.0,0.0,0.0,0.0
amazon_employee,low,SRC,avg_psr,30,0.8292184565679233,0.034217567200836865,0.006247244472949085,0.8169738574009431,0.8414630557349034
amazon_employee,low,SRC,avg_risk_value,30,0.0,0.0,0.0,0.0,0.0
amazon_employee,low,SRC,quality_q,30,40.555550124106006,2.1301506663392367,0.3889105236128868,39.79328549782475,41.317814750387264
amazon_employee,low,SRC,social_welfare,30,1117.69221555515,15.505573334941044,2.8309174275326052,1112.143617397186,1123.2408137131138
amazon_employee,low,SRC,quality_adjusted_welfare,30,45360.53551154657,3001.0100031014726,547.9069579991084,44286.63787386832,46434.433149224824
amazon_employee,low,SRC,welfare_per_time,30,1883.4500841751085,93.019151585171,16.982895867730196,1850.1636082743573,1916.7365600758596
amazon_employee,low,SRC,quality_per_time,30,68.43209959517473,6.00464200258364,1.0962926248526845,66.28336605046347,70.580833139886
amazon_employee,low,SRC,runtime,30,0.0012855847676595052,5.51778505612642e-05,1.0074051142351164e-05,0.001265839627420497,0.0013053299078985134
amazon_employee,medium,APM,U_SC,30,914.1462808132056,60.98784045238685,11.134805316432784,892.3220623929974,935.9704992334139
amazon_employee,medium,APM,U_TSP,30,18.656046568656617,1.244649809835592,0.2272409256804897,18.210654354322855,19.10143878299038
amazon_employee,medium,APM,U_DP,30,0.04909490443458299,0.26202184711699245,0.04783842540838225,-0.04466840936584622,0.1428582182350122
amazon_employee,medium,APM,delivery_time,30,0.7810482399732869,0.04806049598365127,0.008774605925044079,0.7638500123602004,0.7982464675863733
amazon_employee,medium,APM,pS,30,0.8918332159674606,0.15250874173574672,0.027844159355132687,0.8372586636314006,0.9464077683035206
amazon_employee,medium,APM,avg_pT,30,2.2425532717322315e-05,0.00012216993969594027,2.2305077273504108e-05,-2.1292418738745733e-05,6.614348417339037e-05
amazon_employee,medium,APM,avg_psr,30,0.5797528691318767,0.05693643510606022,0.010395123283839408,0.5593784274955514,0.600127310768202
amazon_employee,medium,APM,avg_risk_value,30,2.3998072803337906e-05,0.0001314428581103941,2.399807280333791e-05,-2.3038149891204394e-05,7.10342954978802e-05
amazon_employee,medium,APM,quality_q,30,21.895176002671327,4.806049598365127,0.8774605925044079,20.17535324136269,23.614998763979965
amazon_employee,medium,APM,social_welfare,30,932.8514222862967,62.181418166911804,11.352721795893043,910.6000875663464,955.1027570062471
amazon_employee,medium,APM,quality_adjusted_welfare,30,20712.433236567587,5945.863113532673,1085.5611170399152,18584.733447169354,22840.13302596582
amazon_employee,medium,APM,welfare_per_time,30,1203.7410345458227,157.75516309909233,28.802020464093154,1147.2890744362,1260.1929946554453
amazon_employee,medium,APM,quality_per_time,30,28.51854206505678,8.176363308760404,1.4927928741885503,25.59266803164722,31.44441609846634
amazon_employee,medium,APM,runtime,30,0.001082022984822591,4.7897088927442855e-05,8.744772014797125e-06,0.0010648832316735887,0.0010991627379715934
amazon_employee,medium,BGM,U_SC,30,914.4889514143179,60.64815762671916,11.072788001094354,892.786286932173,936.1916158964627
amazon_employee,medium,BGM,U_TSP,30,18.66303984625118,1.2377175072525781,0.22597526618043368,18.22012832453753,19.10595136796483
amazon_employee,medium,BGM,U_DP,30,0.0383260746612413,0.2099205563258903,0.0383260746612413,-0.03679303167479164,0.11344518099727424
amazon_employee,medium,BGM,delivery_time,30,0.7808354823766953,0.04786899083454765,0.008739642028363265,0.7637057840011033,0.7979651807522873
amazon_employee,medium,BGM,pS,30,0.8901669371129806,0.1478782535252153,0.026998751740076092,0.8372493837024314,0.9430844905235297
amazon_employee,medium,BGM,avg_pT,30,2.11343287202244e-05,0.00011575748577796193,2.1134328720224402e-05,-2.028895557141543e-05,6.255761301186423e-05
amazon_employee,medium,BGM,avg_psr,30,0.5802805785354017,0.05652807417901706,0.010320567120057656,0.5600522669800887,0.6005088900907147
amazon_employee,medium,BGM,avg_risk_value,30,2.395379666327586e-05,0.00013120034770368162,2.3953796663275848e-05,-2.29956447967448e-05,7.090323812329652e-05
amazon_employee,medium,BGM,quality_q,30,21.916451762330475,4.786899083454766,0.8739642028363266,20.203481924771275,23.629421599889675
amazon_employee,medium,BGM,social_welfare,30,933.1903173352306,61.851267816603794,11.2924448644824,911.057125400845,955.3235092696161
amazon_employee,medium,BGM,quality_adjusted_welfare,30,20737.050732095096,5923.486650672071,1081.4757525512723,18617.358257094602,22856.74320709559
amazon_employee,medium,BGM,welfare_per_time,30,1204.42792903312,157.11912795075,28.68589686472207,1148.2035711782648,1260.6522868879754
amazon_employee,medium,BGM,quality_per_time,30,28.549978527759162,8.148562170527962,1.4877171040104742,25.634053003898632,31.46590405161969
amazon_employee,medium,BGM,runtime,30,0.0010959545771280924,4.002135797092783e-05,7.306866847555452e-06,0.0010816331181068837,0.001110276036149301
amazon_employee,medium,Our Model,U_SC,30,930.8833697503444,65.11791107938335,11.888849598597947,907.5812245370925,954.1855149635963
amazon_employee,medium,Our Model,U_TSP,30,2.5055382063667326,13.723352701444698,2.5055299463935734,-2.4053004885646714,7.416376901298136
amazon_employee,medium,Our Model,U_DP,30,1.0351800611803612,5.669914705880617,1.0351800611803612,-0.9937728587331467,3.064132981093869
amazon_employee,medium,Our Model,delivery_time,30,0.7801389272632147,0.047437289102034624,0.008660824436026116,0.7631637113686035,0.7971141431578258
amazon_employee,medium,Our Model,pS,30,0.1749637401212189,0.9499979456477747,0.17344510147161765,-0.16498865876315166,0.5149161390055894
amazon_employee,medium,Our Model,avg_pT,30,0.00010051867163823666,0.0005505634390671699,0.00010051867163823666,-9.649792477270719e-05,0.00029753526804918054
amazon_employee,medium,Our Model,avg_psr,30,0.5808277932788037,0.056258532694543624,0.010271355802981146,0.5606959359049607,0.6009596506526468
amazon_employee,medium,Our Model,avg_risk_value,30,2.4947901424864664e-05,0.00013664528372813652,2.4947901424864664e-05,-2.3949985367870077e-05,7.384578821759941e-05
amazon_employee,medium,Our Model,quality_q,30,21.98610727367854,4.743728910203463,0.8660824436026117,20.288585684217423,23.68362886313966
amazon_employee,medium,Our Model,social_welfare,30,934.4240880178914,61.113117832631694,11.157677732134536,912.5550396629078,956.2931363728751
amazon_employee,medium,Our Model,quality_adjusted_welfare,30,20823.179252893467,5868.973345252326,1071.5230301970848,18722.99411370718,22923.364392079755
amazon_employee,medium,Our Model,welfare_per_time,30,1206.9092383016168,155.56072050252445,28.401371893663008,1151.2425493900373,1262.5759272131963
amazon_employee,medium,Our Model,quality_per_time,30,28.65641527906477,8.08100675734894,1.4753832294505635,25.764664149341666,31.548166408787875
amazon_employee,medium,Our Model,runtime,30,0.0002666393915812174,3.732011661846058e-05,6.81368990688476e-06,0.0002532845593637233,0.00027999422379871154
amazon_employee,medium,SRC,U_SC,30,914.6325713742567,60.52214577996894,11.04978149076836,892.9749996523507,936.2901430961628
amazon_employee,medium,SRC,U_TSP,30,18.665970865851424,1.2351458369030213,0.2255057455601272,18.223979604553573,19.107962127149275
amazon_employee,medium,SRC,U_DP,30,0.03988393057417152,0.21845328457443716,0.03988393057417153,-0.038288573351204676,0.11805643449954772
amazon_employee,medium,SRC,delivery_time,30,0.7807369092033597,0.04778963744078051,0.008725154147102981,0.7636356070750379,0.7978382113316815
amazon_employee,medium,SRC,pS,30,0.8900460547390333,0.14754892250310547,0.026938624396844163,0.8372463509212188,0.9428457585568478
amazon_employee,medium,SRC,avg_pT,30,2.1484469263593244e-05,0.00011767528451696424,2.1484469263593244e-05,-2.0625090493049513e-05,6.3594029020236e-05
amazon_employee,medium,SRC,avg_psr,30,0.5805179617244693,0.05639174422092261,0.010295676788953633,0.5603384352181202,0.6006974882308185
amazon_employee,medium,SRC,avg_risk_value,30,2.4927456608857214e-05,0.00013653330285902325,2.4927456608857207e-05,-2.3930358344502908e-05,7.378527156221733e-05
amazon_employee,medium,SRC,quality_q,30,21.926309079664026,4.778963744078052,0.8725154147102981,20.216178866831843,23.63643929249621
amazon_employee,medium,SRC,social_welfare,30,933.3384261706826,61.72405821255679,11.269219674593119,911.2507556084801,955.4260967328852
amazon_employee,medium,SRC,quality_adjusted_welfare,30,20748.440022086368,5914.148284025982,1079.7708078638336,18632.089238673256,22864.79080549948
amazon_employee,medium,SRC,welfare_per_time,30,1204.7389169196501,156.86012836188385,28.63861022565322,1148.6072408773698,1260.8705929619305
amazon_employee,medium,SRC,quality_per_time,30,28.564710023777586,8.136755433619252,1.4855614986319978,25.65300948645887,31.4764105610963
amazon_employee,medium,SRC,runtime,30,0.0012717008590698241,2.644837394970866e-05,4.828790340529146e-06,0.001262236430002387,0.0012811652881372614
incident_event_log,high,APM,U_SC,27,567.9702248658585,223.61141825885426,43.03403750854117,483.62351134911785,652.3169383825992
incident_event_log,high,APM,U_TSP,27,11.59122908707674,4.563498336754424,0.8782456643905254,9.869867584871312,13.31259058928217
incident_event_log,high,APM,U_DP,27,7.209141474234964,4.432192552730202,0.8529758544730122,5.53730879946786,8.880974149002068
incident_event_log,high,APM,delivery_time,27,0.9164788055589972,0.054347066004107256,0.010459097729045894,0.8959789740100672,0.9369786371079272
incident_event_log,high,APM,pS,27,13.582686177653601,21.98979891795963,4.231938774903244,5.288086178843242,21.87728617646396
incident_event_log,high,APM,avg_pT,27,0.003960621147258032,0.0024549825742413663,0.0004724616166980311,0.003034596378529891,0.004886645915986173
incident_event_log,high,APM,avg_psr,27,0.4321677177466397,0.06226966867900443,0.011983803324724004,0.4086794632301807,0.45565597226309873
incident_event_log,high,APM,avg_risk_value,27,0.0036188081164916113,0.002220045351622574,0.0004272479271241568,0.002781402179328264,0.004456214053654959
incident_event_log,high,APM,quality_q,27,8.352119444100277,5.434706600410726,1.0459097729045894,6.302136289207281,10.402102598993272
incident_event_log,high,APM,social_welfare,27,586.7705954271703,225.18055122701873,43.336017289062525,501.83200154060773,671.7091893137328
incident_event_log,high,APM,quality_adjusted_welfare,27,5995.02104620246,5122.306991026249,985.788440046969,4062.8757037104006,7927.166388694519
incident_event_log,high,APM,welfare_per_time,27,655.783253098406,281.2113855206765,54.119156376516734,549.7097066004333,761.8567995963788
incident_event_log,high,APM,quality_per_time,27,9.501999035122738,6.836027959109525,1.315594194126564,6.923434414634673,12.080563655610803
incident_event_log,high,APM,runtime,30,0.0007649501164754232,0.00014385944159744137,2.6265020424338554e-05,0.0007134706764437196,0.0008164295565071268
incident_event_log,high,BGM,U_SC,26,564.2747727166068,160.1505665873369,31.408110159298904,502.71487680438094,625.8346686288327
incident_event_log,high,BGM,U_TSP,26,11.515811695337991,3.2683789134466585,0.640981840672296,10.25948728762029,12.772136103055692
incident_event_log,high,BGM,U_DP,26,5.942638922159933,3.726133223050492,0.7307548467146476,4.510359422599223,7.3749184217206425
incident_event_log,high,BGM,delivery_time,26,0.9260511082790988,0.03653187597325785,0.007164490325222815,0.912008707241662,0.9400935093165355
incident_event_log,high,BGM,pS,26,8.372468168772246,7.6159971971694596,1.4936199355321167,5.444973095129297,11.299963242415194
incident_event_log,high,BGM,avg_pT,26,0.004052285781012765,0.002623467751381606,0.0005145043560606229,0.003043857243133944,0.005060714318891586
incident_event_log,high,BGM,avg_psr,26,0.44319582381575917,0.043770547662470835,0.008584110640445456,0.4263709669604861,0.46002068067103224
incident_event_log,high,BGM,avg_risk_value,26,0.0037141493263499604,0.002328833264406559,0.000456721779196655,0.0028189746391245165,0.004609324013575404
incident_event_log,high,BGM,quality_q,26,7.394889172090128,3.653187597325785,0.7164490325222815,5.990649068346456,8.7991292758338
incident_event_log,high,BGM,social_welfare,26,581.7332233341047,161.4449445803817,31.661958568702772,519.6757845394472,643.790662128762
incident_event_log,high,BGM,quality_adjusted_welfare,26,4857.176919503395,3174.345597356607,622.5403901464879,3636.9977548162788,6077.356084190511
incident_event_log,high,BGM,welfare_per_time,26,635.5598970835431,196.59723552990263,38.55589001097578,559.9903526620305,711.1294415050556
incident_event_log,high,BGM,quality_per_time,26,8.146918664709311,4.2606291289803275,0.8355781180327893,6.509185553365044,9.784651776053577
incident_event_log,high,BGM,runtime,30,0.0008675893147786458,0.00010520251993313473,1.9207264424588258e-05,0.0008299430765064528,0.0009052355530508389
incident_event_log,high,Our Model,U_SC,30,660.8084696222589,68.84428820846048,12.569189869053575,636.1728574789139,685.444081765604
incident_event_log,high,Our Model,U_TSP,30,38.156557187133075,22.53576839326835,4.114449566568343,30.092236036659123,46.220878337607026
incident_event_log,high,Our Model,U_DP,30,80.35619950238662,46.0149443730249,8.401141005150384,63.88996313229187,96.82243587248136
incident_event_log,high,Our Model,delivery_time,30,0.8682920617085668,0.03044411065127727,0.0055583087156292855,0.8573977766259334,0.8791863467912001
incident_event_log,high,Our Model,pS,30,10.053871904245995,4.213062839385434,0.7691965177727222,8.54624672941146,11.56149707908053
incident_event_log,high,Our Model,avg_pT,30,0.011944681920597186,0.006746913082945244,0.0012318121630186113,0.009530330081080708,0.014359033760113663
incident_event_log,high,Our Model,avg_psr,30,0.4925674077630818,0.04581604061063051,0.008364826312671698,0.47617234819024523,0.5089624673359183
incident_event_log,high,Our Model,avg_risk_value,30,0.004084753482653278,0.0024352610482616544,0.00044461580318219505,0.0032133065084161755,0.00495620045689038
incident_event_log,high,Our Model,quality_q,30,13.170793829143324,3.044411065127727,0.5558308715629284,12.081365320879986,14.260222337406663
incident_event_log,high,Our Model,social_welfare,30,779.3212263117787,58.56951549815766,10.69328160682979,758.3623943623923,800.2800582611651
incident_event_log,high,Our Model,quality_adjusted_welfare,30,10433.669080031774,3354.7872034181096,612.4975423139236,9233.173897096483,11634.164262967064
incident_event_log,high,Our Model,welfare_per_time,30,901.0238009758633,103.44451066329859,18.886297313457444,864.0066582414868,938.0409437102398
incident_event_log,high,Our Model,quality_per_time,30,15.313519463778754,4.283299219429519,0.7820198676752727,13.78076052313522,16.84627840442229
incident_event_log,high,Our Model,runtime,30,0.0004895925521850586,7.517844790086445e-05,1.3725643917843454e-05,0.0004626902901060854,0.0005164948142640318
incident_event_log,high,SRC,U_SC,30,597.6428255141662,115.94966391044831,21.1694154862984,556.1507711610213,639.1348798673112
incident_event_log,high,SRC,U_TSP,30,12.196792365232016,2.3663196743727446,0.4320288879740772,11.350015744802825,13.043568985661206
incident_event_log,high,SRC,U_DP,30,6.366898694130177,3.8458306248697336,0.7021493951951139,4.990685879547754,7.743111508712601
incident_event_log,high,SRC,delivery_time,30,0.9203745375370739,0.028551344489937774,0.005212738474746583,0.9101575701265706,0.9305915049475771
incident_event_log,high,SRC,pS,30,6.713154976302918,4.883049066435205,0.8915187076970347,4.96577830921673,8.460531643389105
incident_event_log,high,SRC,avg_pT,30,0.004419852935767506,0.0027241951356143154,0.0004973677089406018,0.0034450122262439267,0.005394693645291086
incident_event_log,high,SRC,avg_psr,30,0.4481940267934622,0.038836046738896256,0.007090459614406141,0.4342967259492262,0.4620913276376982
incident_event_log,high,SRC,avg_risk_value,30,0.0039793116838313615,0.002403644140543584,0.0004388433719969463,0.003119178674717347,0.0048394446929453765
incident_event_log,high,SRC,quality_q,30,7.96254624629262,2.8551344489937773,0.5212738474746583,6.940849505242289,8.98424298734295
incident_event_log,high,SRC,social_welfare,30,616.2065165735282,116.34590249780558,21.24175842378159,574.5726700629164,657.8403630841401
incident_event_log,high,SRC,quality_adjusted_welfare,30,5220.836046116886,2564.8540667618563,468.2761430247767,4303.014805788323,6138.657286445448
incident_event_log,high,SRC,welfare_per_time,30,673.8166009721003,145.03259288517737,26.4792075655583,621.9173541436061,725.7158478005946
incident_event_log,high,SRC,quality_per_time,30,8.752256417156357,3.364834074731374,0.6143318416641325,7.5481660074946575,9.956346826818056
incident_event_log,high,SRC,runtime,30,0.0012756983439127605,6.50810090124662e-05,1.1882112233774917e-05,0.0012524094039345617,0.0012989872838909593
incident_event_log,low,APM,U_SC,30,1095.2501089158109,14.178570502842327,2.5886409658613694,1090.1763726227225,1100.3238452088992
incident_event_log,low,APM,U_TSP,30,22.35204307880729,0.2893585836452193,0.05282940782341069,22.248497439473407,22.455588718141176
incident_event_log,low,APM,U_DP,30,0.00048230379627825753,0.00014074025242565515,2.5695537000834164e-05,0.0004319405437566226,0.0005326670487998925
incident_event_log,low,APM,delivery_time,30,0.5946361910386372,0.01995933998876482,0.0036440602482538,0.5874938329520597,0.6017785491252147
incident_event_log,low,APM,pS,30,0.553168194659549,0.020236739683908524,0.0036947062717455543,0.5459265703669277,0.5604098189521703
incident_event_log,low,APM,avg_pT,30,3.0623913295270966e-08,9.801068935665315e-09,1.7894221812423475e-09,2.7116645820035966e-08,3.413118077050597e-08
incident_event_log,low,APM,avg_psr,30,0.8288323378889364,0.03317591926970639,0.006057066449996169,0.816960487646944,0.8407041881309288
incident_event_log,low,APM,avg_risk_value,30,0.0,0.0,0.0,0.0,0.0
incident_event_log,low,APM,quality_q,30,40.53638089613629,1.995933998876482,0.36440602482538,39.822145087478546,41.25061670479404
incident_event_log,low,APM,social_welfare,30,1117.6026342984146,14.467817532776417,2.6414500068567937,1112.4253922849753,1122.779876311854
incident_event_log,low,APM,quality_adjusted_welfare,30,45331.47115938863,2814.216493615042,513.8032850853506,44324.416720621346,46338.52559815592
incident_event_log,low,APM,welfare_per_time,30,1882.3083623310386,87.42043688091198,15.960715088877352,1851.0253607568388,1913.5913639052383
incident_event_log,low,APM,quality_per_time,30,68.35320702331279,5.648165053300252,1.0312091360683056,66.3320371166189,70.37437693000668
incident_event_log,low,APM,runtime,30,0.0010861476262410481,1.3482701066986145e-05,2.4615931701624277e-06,0.0010813229036275298,0.0010909723488545665
incident_event_log,low,BGM,U_SC,30,1095.2504870419873,14.178483044692895,2.588624998260942,1090.1767820453958,1100.3241920385788
incident_event_log,low,BGM,U_TSP,30,22.35205079566803,0.2893567987850264,0.05282908195401413,22.248505795038163,22.4555957962979
incident_event_log,low,BGM,U_DP,30,0.0,0.0,0.0,0.0,0.0
incident_event_log,low,BGM,delivery_time,30,0.5946361910386372,0.01995933998876482,0.0036440602482538,0.5874938329520597,0.6017785491252147
incident_event_log,low,BGM,pS,30,0.5531587409477989,0.02023409673327374,0.0036942237371852065,0.545918062422916,0.5603994194726819
incident_event_log,low,BGM,avg_pT,30,0.0,0.0,0.0,0.0,0.0
incident_event_log,low,BGM,avg_psr,30,0.8288323378889364,0.03317591926970639,0.006057066449996169,0.816960487646944,0.8407041881309288
incident_event_log,low,BGM,avg_risk_value,30,0.0,0.0,0.0,0.0,0.0
incident_event_log,low,BGM,quality_q,30,40.53638089613629,1.995933998876482,0.36440602482538,39.822145087478546,41.25061670479404
incident_event_log,low,BGM,social_welfare,30,1117.602537837655,14.467839843477913,2.641454080214955,1112.4252878404338,1122.7797878348763
incident_event_log,low,BGM,quality_adjusted_welfare,30,45331.46729228019,2814.2172029258627,513.8034145871961,44324.41259968928,46338.5219848711
incident_event_log,low,BGM,welfare_per_time,30,1882.3082011539702,87.42046897852865,15.960720949073583,1851.025188093786,1913.5912142141544
incident_event_log,low,BGM,quality_per_time,30,68.35320702331279,5.648165053300252,1.0312091360683056,66.3320371166189,70.37437693000668
incident_event_log,low,BGM,runtime,30,0.0010935068130493164,1.365493297353945e-05,2.493038270276217e-06,0.001088620458039575,0.0010983931680590578
incident_event_log,low,Our Model,U_SC,30,1117.602521481712,14.467838902993057,2.641453908506698,1112.425271821039,1122.7797711423852
incident_event_log,low,Our Model,U_TSP,30,1.6355943105893685e-05,9.814613909514849e-06,1.7918951438150833e-06,1.2843828624016122e-05,1.986805758777125e-05
incident_event_log,low,Our Model,U_DP,30,0.0,0.0,0.0,0.0,0.0
incident_event_log,low,Our Model,delivery_time,30,0.5946361910386372,0.01995933998876482,0.0036440602482538,0.5874938329520597,0.6017785491252147
incident_event_log,low,Our Model,pS,30,0.0007916835160074929,3.925321864456587e-05,7.166624435437029e-06,0.0007776369321140363,0.0008057300999009494
incident_event_log,low,Our Model,avg_pT,30,0.0,0.0,0.0,0.0,0.0
incident_event_log,low,Our Model,avg_psr,30,0.8288323378889364,0.03317591926970639,0.006057066449996169,0.816960487646944,0.8407041881309288
incident_event_log,low,Our Model,avg_risk_value,30,0.0,0.0,0.0,0.0,0.0
incident_event_log,low,Our Model,quality_q,30,40.53638089613629,1.995933998876482,0.36440602482538,39.822145087478546,41.25061670479404
incident_event_log,low,Our Model,social_welfare,30,1117.6025378376553,14.467839843477934,2.6414540802149586,1112.425287840434,1122.7797878348765
incident_event_log,low,Our Model,quality_adjusted_welfare,30,45331.46729228019,2814.217202925864,513.8034145871965,44324.41259968928,46338.5219848711
incident_event_log,low,Our Model,welfare_per_time,30,1882.30820115397,87.42046897852866,15.960720949073584,1851.0251880937858,1913.5912142141542
incident_event_log,low,Our Model,quality_per_time,30,68.35320702331279,5.648165053300252,1.0312091360683056,66.3320371166189,70.37437693000668
incident_event_log,low,Our Model,runtime,30,0.0002534151077270508,1.0920570720090569e-05,1.99381430807468e-06,0.0002495072316832244,0.0002573229837708772
incident_event_log,low,SRC,U_SC,30,1095.2504870419873,14.178483044692895,2.588624998260942,1090.1767820453958,1100.3241920385788
incident_event_log,low,SRC,U_TSP,30,22.35205079566803,0.2893567987850264,0.05282908195401413,22.248505795038163,22.4555957962979
incident_event_log,low,SRC,U_DP,30,0.0,0.0,0.0,0.0,0.0
incident_event_log,low,SRC,delivery_time,30,0.5946361910386372,0.01995933998876482,0.0036440602482538,0.5874938329520597,0.6017785491252147
incident_event_log,low,SRC,pS,30,0.5531587409477989,0.02023409673327374,0.0036942237371852065,0.545918062422916,0.5603994194726819
incident_event_log,low,SRC,avg_pT,30,0.0,0.0,0.0,0.0,0.0
incident_event_log,low,SRC,avg_psr,30,0.8288323378889364,0.03317591926970639,0.006057066449996169,0.816960487646944,0.8407041881309288
incident_event_log,low,SRC,avg_risk_value,30,0.0,0.0,0.0,0.0,0.0
incident_event_log,low,SRC,quality_q,30,40.53638089613629,1.995933998876482,0.36440602482538,39.822145087478546,41.25061670479404
incident_event_log,low,SRC,social_welfare,30,1117.602537837655,14.467839843477913,2.641454080214955,1112.4252878404338,1122.7797878348763
incident_event_log,low,SRC,quality_adjusted_welfare,30,45331.46729228019,2814.2172029258627,513.8034145871961,44324.41259968928,46338.5219848711
incident_event_log,low,SRC,welfare_per_time,30,1882.3082011539702,87.42046897852865,15.960720949073583,1851.025188093786,1913.5912142141544
incident_event_log,low,SRC,quality_per_time,30,68.35320702331279,5.648165053300252,1.0312091360683056,66.3320371166189,70.37437693000668
incident_event_log,low,SRC,runtime,30,0.0012569348017374673,1.729122659851314e-05,3.1569316183129905e-06,0.0012507472157655738,0.001263122387709361
incident_event_log,medium,APM,U_SC,30,912.1530299305331,63.06224939490141,11.513538840201338,889.5864938037384,934.7195660573277
incident_event_log,medium,APM,U_TSP,30,18.61536797909072,1.2869846863146583,0.23497018128608288,18.154826423769997,19.075909534411444
incident_event_log,medium,APM,U_DP,30,0.040345722045783225,0.2140581000995348,0.03908148334707135,-0.03625398531447663,0.11694542940604308
incident_event_log,medium,APM,delivery_time,30,0.7823099923223118,0.04914425682517562,0.008972472678325303,0.7647239458727942,0.7998960387718294
incident_event_log,medium,APM,pS,30,0.8947523155428925,0.15101295467863268,0.027571067250997477,0.8407130237309374,0.9487916073548476
incident_event_log,medium,APM,avg_pT,30,1.8592509498313227e-05,0.00010116863611192781,1.8470781370178203e-05,-1.7610221987236053e-05,5.479524098386251e-05
incident_event_log,medium,APM,avg_psr,30,0.5776423164587676,0.05670665507476373,0.0103531713817043,0.5573501005506272,0.5979345323669081
incident_event_log,medium,APM,avg_risk_value,30,1.960525729812484e-05,0.0001073824166787576,1.960525729812484e-05,-1.8821047006199848e-05,5.803156160244952e-05
incident_event_log,medium,APM,quality_q,30,21.76900076776882,4.914425682517562,0.8972472678325302,20.01039612281706,23.52760541272058
incident_event_log,medium,APM,social_welfare,30,930.8087436316697,64.3137591238576,11.742032210030164,907.7943605000106,953.8231267633288
incident_event_log,medium,APM,quality_adjusted_welfare,30,20566.532422355718,6064.923090777222,1107.2983954508788,18396.227567271995,22736.83727743944
incident_event_log,medium,APM,welfare_per_time,30,1199.617913072886,161.34640160849872,29.457687911087522,1141.8808447671545,1257.3549813786176
incident_event_log,medium,APM,quality_per_time,30,28.33104702246013,8.323543575743178,1.5196641916039164,25.352505206916454,31.309588838003805
incident_event_log,medium,APM,runtime,30,0.001075593630472819,4.347064148270374e-05,7.936616976432219e-06,0.0010600378611990118,0.0010911493997466262
incident_event_log,medium,BGM,U_SC,30,912.5061116689651,62.76982839637079,11.460150314473536,890.044217052597,934.9680062853332
incident_event_log,medium,BGM,U_TSP,30,18.622573728876723,1.281016910817159,0.23388061953338052,18.164167714591297,19.08097974316215
incident_event_log,medium,BGM,U_DP,30,0.03176847175822,0.17400308599442904,0.03176847175822001,-0.03049773288789121,0.09403467640433122
incident_event_log,medium,BGM,delivery_time,30,0.7820845526894599,0.04896700518540945,0.008940111104507065,0.764561934924626,0.7996071704542937
incident_event_log,medium,BGM,pS,30,0.8933253435937989,0.14775861185675693,0.026976908259865356,0.8404506034044628,0.946200083783135
incident_event_log,medium,BGM,avg_pT,30,1.7560170279675933e-05,9.618101375810308e-05,1.7560170279675927e-05,-1.685776346848888e-05,5.197810402784075e-05
incident_event_log,medium,BGM,avg_psr,30,0.5781335667797062,0.05641288976259311,0.010299537419008166,0.5579464734384502,0.5983206601209622
incident_event_log,medium,BGM,avg_risk_value,30,1.985529484888752e-05,0.00010875192874651823,1.985529484888752e-05,-1.9061083054932018e-05,5.8771672752707055e-05
incident_event_log,medium,BGM,quality_q,30,21.791544731054028,4.896700518540945,0.8940111104507066,20.039282954570645,23.54380650753741
incident_event_log,medium,BGM,social_welfare,30,931.1604538696002,64.02731709272814,11.689735289407764,908.248572702361,954.0723350368395
incident_event_log,medium,BGM,quality_adjusted_welfare,30,20592.730508536224,6043.954665342974,1103.470102248978,18429.929108128228,22755.53190894422
incident_event_log,medium,BGM,welfare_per_time,30,1200.3426810885762,160.7620091263884,29.3509929294581,1142.8147349468384,1257.870627230314
incident_event_log,medium,BGM,quality_per_time,30,28.364617638822303,8.297143778477876,1.5148442701119933,25.395522869402797,31.33371240824181
incident_event_log,medium,BGM,runtime,30,0.0010917186737060547,3.8467338341470986e-05,7.0231429789356745e-06,0.0010779533134673408,0.0011054840339447685
incident_event_log,medium,Our Model,U_SC,30,928.7325555006288,67.11425983096873,12.253331346561477,904.7160260613683,952.7490849398893
incident_event_log,medium,Our Model,U_TSP,30,2.5498720731767364,13.966176382000073,2.5498632821724425,-2.447859959881251,7.547604106234724
incident_event_log,medium,Our Model,U_DP,30,0.9658576274900601,5.290220099147277,0.96585762749006,-0.9272233223904573,2.8589385773705773
incident_event_log,medium,Our Model,delivery_time,30,0.7814716706846689,0.048640556444153826,0.00888050999135544,0.7640658711016123,0.7988774702677256
incident_event_log,medium,Our Model,pS,30,0.1723108946991251,0.9353825442611688,0.17077670646280554,-0.16241144996797377,0.507033239366224
incident_event_log,medium,Our Model,avg_pT,30,9.317820699520435e-05,0.000510358058391591,9.317820699520436e-05,-8.945107871539619e-05,0.0002758074927058049
incident_event_log,medium,Our Model,avg_psr,30,0.5786657891565632,0.056238362643870186,0.010267673272401192,0.5585411495426569,0.5987904287704695
incident_event_log,medium,Our Model,avg_risk_value,30,2.062506447044703e-05,0.00011296813060462181,2.0625064470447027e-05,-1.980006189162914e-05,6.10501908325232e-05
incident_event_log,medium,Our Model,quality_q,30,21.852832931533115,4.864055644415382,0.888050999135544,20.11225297322745,23.59341288983878
incident_event_log,medium,Our Model,social_welfare,30,932.2482852012957,63.50470362103961,11.594319560307799,909.5234188630925,954.973151539499
incident_event_log,medium,Our Model,quality_adjusted_welfare,30,20669.02334690175,6002.060849171099,1095.8213728698745,18521.213456076795,22816.833237726707
incident_event_log,medium,Our Model,welfare_per_time,30,1202.5402590463664,159.58250148287556,29.135645281757522,1145.4343942941216,1259.6461237986111
incident_event_log,medium,Our Model,quality_per_time,30,28.458760325537362,8.244562244765802,1.5052442394045529,25.50848161630444,31.409039034770284
incident_event_log,medium,Our Model,runtime,30,0.00026613871256510416,3.9153545194766465e-05,7.148426636490532e-06,0.00025212779635758274,0.0002801496287726256
incident_event_log,medium,SRC,U_SC,30,912.6588139864897,62.6610975153607,11.440298862397992,890.2358282161896,935.0817997567898
incident_event_log,medium,SRC,U_TSP,30,18.625690102714078,1.2787979132384215,0.2334754878570726,18.168078146514215,19.08330205891394
incident_event_log,medium,SRC,U_DP,30,0.03299061532212223,0.1806970419790191,0.03299061532212223,-0.031670990709237345,0.09765222135348181
incident_event_log,medium,SRC,delivery_time,30,0.7819792008718931,0.04889464445745197,0.008926899903513797,0.764482477061006,0.7994759246827802
incident_event_log,medium,SRC,pS,30,0.8931225099215729,0.14730845065204462,0.026894720444420477,0.8404088578505088,0.9458361619926371
incident_event_log,medium,SRC,avg_pT,30,1.7740934774960318e-05,9.717110167473606e-05,1.774093477496032e-05,-1.7031297383961908e-05,5.2513166933882547e-05
incident_event_log,medium,SRC,avg_psr,30,0.5783590307212757,0.056320603985425405,0.010282688418377617,0.5582049614212555,0.5985131000212959
incident_event_log,medium,SRC,avg_risk_value,30,2.0619134576326364e-05,0.00011293565123688678,2.0619134576326367e-05,-1.9794369193273315e-05,6.103263834592604e-05
incident_event_log,medium,SRC,quality_q,30,21.802079912810704,4.8894644457451975,0.8926899903513796,20.052407531722,23.55175229389941
incident_event_log,medium,SRC,social_welfare,30,931.3174947045261,63.9178417295565,11.669747914107706,908.444788792875,954.1902006161772
incident_event_log,medium,SRC,quality_adjusted_welfare,30,20604.99991112081,6035.284898767128,1101.887226675013,18445.300946837782,22764.698875403836
incident_event_log,medium,SRC,welfare_per_time,30,1200.6765152829344,160.52526001720497,29.307768653601762,1143.233288721875,1258.1197418439938
incident_event_log,medium,SRC,quality_per_time,30,28.380497273870652,8.286048430856354,1.512818546053437,25.415372923605915,31.34562162413539
incident_event_log,medium,SRC,runtime,30,0.001264055569966634,1.2826415772804349e-05,2.3417724169016666e-06,0.0012594656960295068,0.0012686454439037613
uci_amazon_access,high,APM,U_SC,29,650.7613472012388,169.95394703771882,31.55965566969396,588.9044220886386,712.6182723138389
uci_amazon_access,high,APM,U_TSP,29,13.280843830978664,3.468447903550528,0.6440746063993019,12.018457602436033,14.543230059521296
uci_amazon_access,high,APM,U_DP,29,9.358410491674324,7.997093357457965,1.485022955446612,6.447765498998964,12.269055484349682
uci_amazon_access,high,APM,delivery_time,29,0.8923509175279798,0.052581203576305385,0.009764084379858437,0.8732133121434572,0.9114885229125024
uci_amazon_access,high,APM,pS,29,6.717635918428772,7.047108600456951,1.3086152147322643,4.152750097553534,9.28252173930401
uci_amazon_access,high,APM,avg_pT,29,0.006576295561857598,0.0056552913151994314,0.001050161233265703,0.00451797954465682,0.008634611579058376
uci_amazon_access,high,APM,avg_psr,29,0.4539120553683002,0.05470267239818707,0.010158031250169829,0.43400231411796736,0.47382179661863305
uci_amazon_access,high,APM,avg_risk_value,29,0.006254767299927581,0.005334194597541852,0.0009905350696927373,0.004313318563329815,0.008196216036525346
uci_amazon_access,high,APM,quality_q,29,10.764908247202033,5.258120357630539,0.976408437985844,8.851147708749778,12.678668785654288
uci_amazon_access,high,APM,social_welfare,29,673.4006015238917,172.12947670818338,31.963641387565087,610.7518644042642,736.0493386435193
uci_amazon_access,high,APM,quality_adjusted_welfare,29,8069.5604031396415,5208.921915850982,967.2725167018051,6173.706270404104,9965.41453587518
uci_amazon_access,high,APM,welfare_per_time,29,767.5432195113627,232.51518059380243,43.17698509166443,682.9163287317004,852.170110291025
uci_amazon_access,high,APM,quality_per_time,29,12.448327604278633,6.78241607574936,1.2594630468437504,9.979780032464882,14.916875176092384
uci_amazon_access,high,APM,runtime,30,0.0006888310114542643,0.00014854229101502232,2.711998784414156e-05,0.0006356758352797469,0.0007419861876287817
uci_amazon_access,high,BGM,U_SC,27,579.792440117842,157.9361054605149,30.394817667463133,520.2185974896142,639.3662827460698
uci_amazon_access,high,BGM,U_TSP,27,11.832498786002862,3.223185830064655,0.6203024022120053,10.616706077667331,13.048291494338393
uci_amazon_access,high,BGM,U_DP,27,7.423996924663933,6.582788067943122,1.2668581543484059,4.940954942141057,9.90703890718681
uci_amazon_access,high,BGM,delivery_time,27,0.917437891006915,0.047170570485183166,0.009077980522482905,0.8996450491828485,0.9352307328309815
uci_amazon_access,high,BGM,pS,27,7.340932900358175,5.824084950986004,1.1208456714116726,5.1440753843912965,9.537790416325054
uci_amazon_access,high,BGM,avg_pT,27,0.00654350573171984,0.00583579294648502,0.0011230988761960152,0.00434223193437565,0.00874477952906403
uci_amazon_access,high,BGM,avg_psr,27,0.45307103432922774,0.04716415571232756,0.009076745998871247,0.4352806121714401,0.4708614564870154
uci_amazon_access,high,BGM,avg_risk_value,27,0.006186664103886612,0.005485656723285934,0.0010557151286236714,0.004117462451784216,0.008255865755989009
uci_amazon_access,high,BGM,quality_q,27,8.2562108993085,4.717057048518317,0.9077980522482906,6.476926716901851,10.035495081715151
uci_amazon_access,high,BGM,social_welfare,27,599.0489358285088,161.50242171276938,31.081155550214618,538.1298709500882,659.9680007069294
uci_amazon_access,high,BGM,quality_adjusted_welfare,27,5638.6690834852825,4436.09397784243,853.7266840859348,3965.36478267685,7311.973384293715
uci_amazon_access,high,BGM,welfare_per_time,27,663.1914234015817,211.97118472278436,40.79387352004781,583.235431302288,743.1474155008754
uci_amazon_access,high,BGM,quality_per_time,27,9.29109113098997,5.9127371819552375,1.1379068012164553,7.060793800605719,11.521388461374222
uci_amazon_access,high,BGM,runtime,30,0.0007446209589640299,0.00012742092438151634,2.32637715273055e-05,0.0006990239667705111,0.0007902179511575487
uci_amazon_access,high,Our Model,U_SC,30,663.8650378596686,145.24198642225,26.517437420108458,611.890860516256,715.8392152030813
uci_amazon_access,high,Our Model,U_TSP,30,28.6578115497742,26.886037928465804,4.908696485120063,19.036766438938876,38.27885666060952
uci_amazon_access,high,Our Model,U_DP,30,91.94668173127356,76.60711904265281,13.986482388381503,64.53317625004581,119.3601872125013
uci_amazon_access,high,Our Model,delivery_time,30,0.8563372532260841,0.05285025277464791,0.009649091871508218,0.837425033157928,0.8752494732942402
uci_amazon_access,high,Our Model,pS,30,10.215302758064494,7.2818443466655625,1.3294768029700657,7.609528224243165,12.821077291885823
uci_amazon_access,high,Our Model,avg_pT,30,0.017722655236615915,0.015747783280729653,0.0028751387111861136,0.012087383362691132,0.023357927110540695
uci_amazon_access,high,Our Model,avg_psr,30,0.5053724655790905,0.051629032290180295,0.009426128535831451,0.4868972536488609,0.5238476775093202
uci_amazon_access,high,Our Model,avg_risk_value,30,0.0064094325860510285,0.00531960599569127,0.0009712227336266126,0.004505836028142867,0.00831302914395919
uci_amazon_access,high,Our Model,quality_q,30,14.366274677391592,5.28502527746479,0.9649091871508216,12.475052670575982,16.257496684207204
uci_amazon_access,high,Our Model,social_welfare,30,784.4695311407165,131.2297348746549,23.959162002090288,737.5095736166196,831.4294886648134
uci_amazon_access,high,Our Model,quality_adjusted_welfare,30,11905.255216221458,5639.137604019262,1029.5609568656616,9887.315740764761,13923.194691678154
uci_amazon_access,high,Our Model,welfare_per_time,30,927.9469494184283,201.83290340576625,36.849478014033146,855.7219725109234,1000.1719263259332
uci_amazon_access,high,Our Model,quality_per_time,30,17.206778956903673,7.233472706009646,1.320645390059806,14.618313992386453,19.79524392142089
uci_amazon_access,high,Our Model,runtime,30,0.0003536542256673177,8.271716840041734e-05,1.5102019675287365e-05,0.0003240542671037545,0.0003832541842308809
uci_amazon_access,high,SRC,U_SC,29,624.8037715286471,135.4608473416382,25.154447856855505,575.5010537292103,674.1064893280839
uci_amazon_access,high,SRC,U_TSP,29,12.751097387293173,2.7645070923353487,0.5133560794040709,11.744919471661195,13.757275302925152
uci_amazon_access,high,SRC,U_DP,29,7.498705222476543,6.359205068322916,1.1808747356994462,5.1841907405056284,9.813219704447459
uci_amazon_access,high,SRC,delivery_time,29,0.9065170026362028,0.04124305177446435,0.007658642446712817,0.8915060634406458,0.9215279418317599
uci_amazon_access,high,SRC,pS,29,6.102542944184544,4.347559886061532,0.8073216032871813,4.520192601741668,7.684893286627419
uci_amazon_access,high,SRC,avg_pT,29,0.006755085704744994,0.0056647990405269775,0.0010519267735356961,0.004693309228615029,0.008816862180874959
uci_amazon_access,high,SRC,avg_psr,29,0.45980430765823155,0.043768925573333395,0.008127685435986359,0.4438740442036983,0.4757345711127648
uci_amazon_access,high,SRC,avg_risk_value,29,0.006248921018730455,0.005299337556935766,0.000984062279749539,0.004320158950421358,0.00817768308703955
uci_amazon_access,high,SRC,quality_q,29,9.348299736379719,4.124305177446435,0.7658642446712817,7.847205816824006,10.849393655935431
uci_amazon_access,high,SRC,social_welfare,29,645.0535741384168,138.37431723682099,25.695465634310132,594.690461495169,695.4166867816647
uci_amazon_access,high,SRC,quality_adjusted_welfare,29,6542.696136211992,3935.7196896901883,730.8447987471012,5110.240330667673,7975.15194175631
uci_amazon_access,high,SRC,welfare_per_time,29,719.3523169240773,182.79945725034761,33.945007032684835,652.820103140015,785.8845307081396
uci_amazon_access,high,SRC,quality_per_time,29,10.540835040525202,5.219881282071165,0.969307619918268,8.640992105485397,12.440677975565007
uci_amazon_access,high,SRC,runtime,30,0.0010398228963216145,0.00011490665636362658,2.0978989232617606e-05,0.000998704077425684,0.001080941715217545
uci_amazon_access,low,APM,U_SC,30,1097.5931883558974,18.144853990883,3.312781944481419,1091.1001357447137,1104.086240967081
uci_amazon_access,low,APM,U_TSP,30,22.399861026918597,0.37030314517070434,0.06760779524170166,22.26734974824486,22.532372305592332
uci_amazon_access,low,APM,U_DP,30,0.0005485853262632158,0.00019305956388400875,3.524769269379376e-05,0.00047949984858338,0.0006176708039430515
uci_amazon_access,low,APM,delivery_time,30,0.5910178993648817,0.02553684734775628,0.004662369113310696,0.5818796559027928,0.6001561428269706
uci_amazon_access,low,APM,pS,30,0.5500532464260437,0.025941863656971403,0.0047363146362155665,0.5407700697390612,0.5593364231130262
uci_amazon_access,low,APM,avg_pT,30,4.5588189148886404e-08,1.8003228461568763e-08,3.2869247787734134e-09,3.9145816582490515e-08,5.203056171528229e-08
uci_amazon_access,low,APM,avg_psr,30,0.8364151982509019,0.03779922913991219,0.006901163485412168,0.8228889178194941,0.8499414786823097
uci_amazon_access,low,APM,avg_risk_value,30,0.0,0.0,0.0,0.0,0.0
uci_amazon_access,low,APM,quality_q,30,40.898210063511854,2.553684734775627,0.4662369113310694,39.984385717302956,41.81203440972075
uci_amazon_access,low,APM,social_welfare,30,1119.9935979681422,18.514999955619636,3.3803610426333415,1113.3680903245809,1126.6191056117036
uci_amazon_access,low,APM,quality_adjusted_welfare,30,45851.403302081664,3601.5260342717083,657.5456834709129,44562.61376247867,47140.19284168466
uci_amazon_access,low,APM,welfare_per_time,30,1899.7152268209893,112.39226777342526,20.51992678288865,1859.4961703265276,1939.934283315451
uci_amazon_access,low,APM,quality_per_time,30,69.50274897068533,7.267397457169194,1.3268391738824172,66.9021441898758,72.10335375149486
uci_amazon_access,low,APM,runtime,30,0.0009433905283610026,1.098167418983666e-05,2.0049702243152697e-06,0.0009394607867213447,0.0009473202700006606
uci_amazon_access,low,BGM,U_SC,30,1097.5936184467932,18.144730761369516,3.312759445953324,1091.1006099327246,1104.0866269608618
uci_amazon_access,low,BGM,U_TSP,30,22.39986980428382,0.37030063028267407,0.06760733608806707,22.26735942555121,22.532380183016432
uci_amazon_access,low,BGM,U_DP,30,0.0,0.0,0.0,0.0,0.0
uci_amazon_access,low,BGM,delivery_time,30,0.5910178993648817,0.02553684734775628,0.004662369113310696,0.5818796559027928,0.6001561428269706
uci_amazon_access,low,BGM,pS,30,0.5500425011364943,0.025938020061173232,0.004735612894842036,0.5407606998626039,0.5593243024103848
uci_amazon_access,low,BGM,avg_pT,30,0.0,0.0,0.0,0.0,0.0
uci_amazon_access,low,BGM,avg_psr,30,0.8364151982509019,0.03779922913991219,0.006901163485412168,0.8228889178194941,0.8499414786823097
uci_amazon_access,low,BGM,avg_risk_value,30,0.0,0.0,0.0,0.0,0.0
uci_amazon_access,low,BGM,quality_q,30,40.898210063511854,2.553684734775627,0.4662369113310694,39.984385717302956,41.81203440972075
uci_amazon_access,low,BGM,social_welfare,30,1119.9934882510768,18.515031391652197,3.380366782041392,1113.3679693582756,1126.619007143878
uci_amazon_access,low,BGM,quality_adjusted_welfare,30,45851.39889201905,3601.5269936055447,657.545858620507,44562.60900912286,47140.188774915245
uci_amazon_access,low,BGM,welfare_per_time,30,1899.7150430222605,112.39231159317004,20.519934783242874,1859.4959708471044,1939.9341151974165
uci_amazon_access,low,BGM,quality_per_time,30,69.50274897068533,7.267397457169194,1.3268391738824172,66.9021441898758,72.10335375149486
uci_amazon_access,low,BGM,runtime,30,0.0009524186452229817,1.1555553206517683e-05,2.1097457185536296e-06,0.0009482835436146166,0.0009565537468313468
uci_amazon_access,low,Our Model,U_SC,30,1119.9934712987706,18.515031247681804,3.380366755756115,1113.3679524574886,1126.6189901400526
uci_amazon_access,low,Our Model,U_TSP,30,1.6952306637137844e-05,1.0579962163317315e-05,1.93162797813335e-06,1.3166315799996478e-05,2.073829747427921e-05
uci_amazon_access,low,Our Model,U_DP,30,0.0,0.0,0.0,0.0,0.0
uci_amazon_access,low,Our Model,delivery_time,30,0.5910178993648817,0.02553684734775628,0.004662369113310696,0.5818796559027928,0.6001561428269706
uci_amazon_access,low,Our Model,pS,30,0.0007858780540660311,5.0424312323576646e-05,9.206177768769555e-06,0.0007678339456392428,0.0008039221624928194
uci_amazon_access,low,Our Model,avg_pT,30,0.0,0.0,0.0,0.0,0.0
uci_amazon_access,low,Our Model,avg_psr,30,0.8364151982509019,0.03779922913991219,0.006901163485412168,0.8228889178194941,0.8499414786823097
uci_amazon_access,low,Our Model,avg_risk_value,30,0.0,0.0,0.0,0.0,0.0
uci_amazon_access,low,Our Model,quality_q,30,40.898210063511854,2.553684734775627,0.4662369113310694,39.984385717302956,41.81203440972075
uci_amazon_access,low,Our Model,social_welfare,30,1119.9934882510768,18.515031391652183,3.3803667820413894,1113.3679693582756,1126.619007143878
uci_amazon_access,low,Our Model,quality_adjusted_welfare,30,45851.39889201905,3601.5269936055433,657.5458586205067,44562.60900912286,47140.188774915245
uci_amazon_access,low,Our Model,welfare_per_time,30,1899.7150430222605,112.39231159316995,20.51993478324286,1859.4959708471044,1939.9341151974165
uci_amazon_access,low,Our Model,quality_per_time,30,69.50274897068533,7.267397457169194,1.3268391738824172,66.9021441898758,72.10335375149486
uci_amazon_access,low,Our Model,runtime,30,0.00022089481353759766,1.0772275496317204e-05,1.9667394283310307e-06,0.00021704000425806883,0.00022474962281712648
uci_amazon_access,low,SRC,U_SC,30,1097.5936184467932,18.144730761369516,3.312759445953324,1091.1006099327246,1104.0866269608618
uci_amazon_access,low,SRC,U_TSP,30,22.39986980428382,0.37030063028267407,0.06760733608806707,22.26735942555121,22.532380183016432
uci_amazon_access,low,SRC,U_DP,30,0.0,0.0,0.0,0.0,0.0
uci_amazon_access,low,SRC,delivery_time,30,0.5910178993648817,0.02553684734775628,0.004662369113310696,0.5818796559027928,0.6001561428269706
uci_amazon_access,low,SRC,pS,30,0.5500425011364943,0.025938020061173232,0.004735612894842036,0.5407606998626039,0.5593243024103848
uci_amazon_access,low,SRC,avg_pT,30,0.0,0.0,0.0,0.0,0.0
uci_amazon_access,low,SRC,avg_psr,30,0.8364151982509019,0.03779922913991219,0.006901163485412168,0.8228889178194941,0.8499414786823097
uci_amazon_access,low,SRC,avg_risk_value,30,0.0,0.0,0.0,0.0,0.0
uci_amazon_access,low,SRC,quality_q,30,40.898210063511854,2.553684734775627,0.4662369113310694,39.984385717302956,41.81203440972075
uci_amazon_access,low,SRC,social_welfare,30,1119.9934882510768,18.515031391652197,3.380366782041392,1113.3679693582756,1126.619007143878
uci_amazon_access,low,SRC,quality_adjusted_welfare,30,45851.39889201905,3601.5269936055447,657.545858620507,44562.60900912286,47140.188774915245
uci_amazon_access,low,SRC,welfare_per_time,30,1899.7150430222605,112.39231159317004,20.519934783242874,1859.4959708471044,1939.9341151974165
uci_amazon_access,low,SRC,quality_per_time,30,69.50274897068533,7.267397457169194,1.3268391738824172,66.9021441898758,72.10335375149486
uci_amazon_access,low,SRC,runtime,30,0.001122132937113444,2.1277663141362867e-05,3.884752024506892e-06,0.0011145188231454104,0.0011297470510814775
uci_amazon_access,medium,APM,U_SC,30,912.2026664067308,78.24753611009068,14.285980198898901,884.202145216889,940.2031875965727
uci_amazon_access,medium,APM,U_TSP,30,18.61638096863577,1.596888497721685,0.2915506173409013,18.044941758647603,19.187820178623937
uci_amazon_access,medium,APM,U_DP,30,0.0014511483342821972,0.0004339938173190387,7.923606785447124e-05,0.0012958456412874336,0.0016064510272769607
uci_amazon_access,medium,APM,delivery_time,30,0.7799121633427712,0.05867802523115587,0.010713092682987119,0.7589145016841164,0.800909825001426
uci_amazon_access,medium,APM,pS,30,0.8916261639175127,0.17764961919336553,0.03243423458813634,0.8280550641247655,0.9551972637102599
uci_amazon_access,medium,APM,avg_pT,30,1.8206988890802258e-07,6.874848144456209e-08,1.2551698027137334e-08,1.574685607748334e-07,2.0667121704121176e-07
uci_amazon_access,medium,APM,avg_psr,30,0.5816744727006771,0.06720662059732387,0.012270194038281867,0.5576248923856446,0.6057240530157095
uci_amazon_access,medium,APM,avg_risk_value,30,0.0,0.0,0.0,0.0,0.0
uci_amazon_access,medium,APM,quality_q,30,22.00878366572288,5.867802523115587,1.071309268298712,19.909017499857406,24.108549831588356
uci_amazon_access,medium,APM,social_welfare,30,930.8204985237012,79.844079031855,14.577467722990743,902.2486617866393,959.392335260763
uci_amazon_access,medium,APM,quality_adjusted_welfare,30,20933.680139473974,7199.982341695959,1314.5309140619152,18357.19954791262,23510.16073103533
uci_amazon_access,medium,APM,welfare_per_time,30,1207.6473538213193,194.6412154460375,35.5364614400059,1137.9958893989076,1277.298818243731
uci_amazon_access,medium,APM,quality_per_time,30,28.939649669423655,9.939261150260602,1.8146525123108255,25.382930745294438,32.49636859355287
uci_amazon_access,medium,APM,runtime,30,0.0009440898895263672,9.181202421862642e-06,1.6762505571584105e-06,0.0009408044384343367,0.0009473753406183977
uci_amazon_access,medium,BGM,U_SC,30,912.2038041070249,78.24726517847242,14.28593073377928,884.2033798688175,940.2042283452323
uci_amazon_access,medium,BGM,U_TSP,30,18.616404187009117,1.5968829685049868,0.29154960784866435,18.044966955625735,19.187841418392498
uci_amazon_access,medium,BGM,U_DP,30,0.0,0.0,0.0,0.0,0.0
uci_amazon_access,medium,BGM,delivery_time,30,0.7799121633427712,0.05867802523115587,0.010713092682987119,0.7589145016841164,0.800909825001426
uci_amazon_access,medium,BGM,pS,30,0.8915666751100296,0.17761732857296345,0.032428339154406315,0.8280071303673933,0.955126219852666
uci_amazon_access,medium,BGM,avg_pT,30,0.0,0.0,0.0,0.0,0.0
uci_amazon_access,medium,BGM,avg_psr,30,0.5816744727006771,0.06720662059732387,0.012270194038281867,0.5576248923856446,0.6057240530157095
uci_amazon_access,medium,BGM,avg_risk_value,30,0.0,0.0,0.0,0.0,0.0
uci_amazon_access,medium,BGM,quality_q,30,22.00878366572288,5.867802523115587,1.071309268298712,19.909017499857406,24.108549831588356
uci_amazon_access,medium,BGM,social_welfare,30,930.820208294034,79.84414814697742,14.577480341627947,902.2483468244433,959.3920697636248
uci_amazon_access,medium,BGM,quality_adjusted_welfare,30,20933.674141395357,7199.982174633343,1314.530883560594,18357.193609616592,23510.154673174122
uci_amazon_access,medium,BGM,welfare_per_time,30,1207.6469861076123,194.6412761864844,35.53647252964354,1137.995499949511,1277.2984722657136
uci_amazon_access,medium,BGM,quality_per_time,30,28.939649669423655,9.939261150260602,1.8146525123108255,25.382930745294438,32.49636859355287
uci_amazon_access,medium,BGM,runtime,30,0.0009506781895955404,9.840151545812224e-06,1.7965576569702284e-06,0.0009471569365878788,0.000954199442603202
uci_amazon_access,medium,Our Model,U_SC,30,930.8202015624215,79.84414748285131,14.577480220375664,902.2483403304852,959.3920627943578
uci_amazon_access,medium,Our Model,U_TSP,30,6.73161268796435e-06,4.7649117784111795e-06,8.699498885192868e-07,5.026510906466548e-06,8.436714469462153e-06
uci_amazon_access,medium,Our Model,U_DP,30,0.0,0.0,0.0,0.0,0.0
uci_amazon_access,medium,Our Model,delivery_time,30,0.7799121633427712,0.05867802523115587,0.010713092682987119,0.7589145016841164,0.800909825001426
uci_amazon_access,medium,Our Model,pS,30,0.0015683746008607446,0.0004687574493663216,8.558300967217335e-05,0.0014006319019032847,0.0017361172998182045
uci_amazon_access,medium,Our Model,avg_pT,30,0.0,0.0,0.0,0.0,0.0
uci_amazon_access,medium,Our Model,avg_psr,30,0.5816744727006771,0.06720662059732387,0.012270194038281867,0.5576248923856446,0.6057240530157095
uci_amazon_access,medium,Our Model,avg_risk_value,30,0.0,0.0,0.0,0.0,0.0
uci_amazon_access,medium,Our Model,quality_q,30,22.00878366572288,5.867802523115587,1.071309268298712,19.909017499857406,24.108549831588356
uci_amazon_access,medium,Our Model,social_welfare,30,930.820208294034,79.8441481469774,14.577480341627945,902.2483468244433,959.3920697636248
uci_amazon_access,medium,Our Model,quality_adjusted_welfare,30,20933.674141395357,7199.982174633343,1314.530883560594,18357.193609616592,23510.154673174122
uci_amazon_access,medium,Our Model,welfare_per_time,30,1207.6469861076123,194.64127618648436,35.53647252964353,1137.995499949511,1277.2984722657136
uci_amazon_access,medium,Our Model,quality_per_time,30,28.939649669423655,9.939261150260602,1.8146525123108255,25.382930745294438,32.49636859355287
uci_amazon_access,medium,Our Model,runtime,30,0.00023483435312906902,4.769528525408056e-05,8.70792787343448e-06,0.00021776681449713742,0.0002519018917610006
uci_amazon_access,medium,SRC,U_SC,30,912.2038041070249,78.24726517847242,14.28593073377928,884.2033798688175,940.2042283452323
uci_amazon_access,medium,SRC,U_TSP,30,18.616404187009117,1.5968829685049868,0.29154960784866435,18.044966955625735,19.187841418392498
uci_amazon_access,medium,SRC,U_DP,30,0.0,0.0,0.0,0.0,0.0
uci_amazon_access,medium,SRC,delivery_time,30,0.7799121633427712,0.05867802523115587,0.010713092682987119,0.7589145016841164,0.800909825001426
uci_amazon_access,medium,SRC,pS,30,0.8915666751100296,0.17761732857296345,0.032428339154406315,0.8280071303673933,0.955126219852666
uci_amazon_access,medium,SRC,avg_pT,30,0.0,0.0,0.0,0.0,0.0
uci_amazon_access,medium,SRC,avg_psr,30,0.5816744727006771,0.06720662059732387,0.012270194038281867,0.5576248923856446,0.6057240530157095
uci_amazon_access,medium,SRC,avg_risk_value,30,0.0,0.0,0.0,0.0,0.0
uci_amazon_access,medium,SRC,quality_q,30,22.00878366572288,5.867802523115587,1.071309268298712,19.909017499857406,24.108549831588356
uci_amazon_access,medium,SRC,social_welfare,30,930.820208294034,79.84414814697742,14.577480341627947,902.2483468244433,959.3920697636248
uci_amazon_access,medium,SRC,quality_adjusted_welfare,30,20933.674141395357,7199.982174633343,1314.530883560594,18357.193609616592,23510.154673174122
uci_amazon_access,medium,SRC,welfare_per_time,30,1207.6469861076123,194.6412761864844,35.53647252964354,1137.995499949511,1277.2984722657136
uci_amazon_access,medium,SRC,quality_per_time,30,28.939649669423655,9.939261150260602,1.8146525123108255,25.382930745294438,32.49636859355287
uci_amazon_access,medium,SRC,runtime,30,0.0011262257893880209,5.2667117740025794e-05,9.61565614166421e-06,0.001107379103350359,0.0011450724754256828
